{"licenses":[{"name":"","id":0,"url":""}],"info":{"contributor":"","date_created":"","description":"","url":"","version":"","year":""},"categories":[{"id":1,"name":"car","supercategory":""},{"id":2,"name":"person","supercategory":""}],"images":[{"id":1,"width":193,"height":261,"file_name":"ball.jpg","license":0,"flickr_url":"","coco_url":"","date_captured":0},{"id":2,"width":225,"height":225,"file_name":"car.jpg","license":0,"flickr_url":"","coco_url":"","date_captured":0},{"id":3,"width":225,"height":225,"file_name":"doll.jpg","license":0,"flickr_url":"","coco_url":"","date_captured":0},{"id":4,"width":225,"height":225,"file_name":"helicopter.jpg","license":0,"flickr_url":"","coco_url":"","date_captured":0},{"id":5,"width":225,"height":225,"file_name":"person.jpg","license":0,"flickr_url":"","coco_url":"","date_captured":0},{"id":6,"width":238,"height":212,"file_name":"phone car.jpg","license":0,"flickr_url":"","coco_url":"","date_captured":0},{"id":7,"width":224,"height":224,"file_name":"robot.jpg","license":0,"flickr_url":"","coco_url":"","date_captured":0},{"id":8,"width":259,"height":194,"file_name":"street.jpg","license":0,"flickr_url":"","coco_url":"","date_captured":0},{"id":9,"width":225,"height":225,"file_name":"truck.jpg","license":0,"flickr_url":"","coco_url":"","date_captured":0},{"id":10,"width":225,"height":225,"file_name":"unicorn.jpg","license":0,"flickr_url":"","coco_url":"","date_captured":0}],"annotations":[{"id":1,"image_id":1,"category_id":1,"segmentation":[],"area":35122.5474,"bbox":[13.2,23.14,171.74,204.51],"iscrowd":0,"attributes":{"occluded":false,"rotation":0.0}},{"id":2,"image_id":2,"category_id":1,"segmentation":[],"area":34707.71530000001,"bbox":[1.67,28.7,223.33,155.41],"iscrowd":0,"attributes":{"occluded":false,"rotation":0.0}},{"id":3,"image_id":3,"category_id":1,"segmentation":[],"area":43441.28,"bbox":[6.1,8.3,210.88,206.0],"iscrowd":0,"attributes":{"occluded":false,"rotation":0.0}},{"id":4,"image_id":4,"category_id":1,"segmentation":[],"area":35969.4148,"bbox":[7.57,13.65,207.46,173.38],"iscrowd":0,"attributes":{"occluded":false,"rotation":0.0}},{"id":5,"image_id":5,"category_id":2,"segmentation":[],"area":41960.4576,"bbox":[21.2,2.94,188.96,222.06],"iscrowd":0,"attributes":{"occluded":false,"rotation":0.0}},{"id":6,"image_id":6,"category_id":1,"segmentation":[],"area":39757.5684,"bbox":[9.79,15.84,219.34,181.26],"iscrowd":0,"attributes":{"occluded":false,"rotation":0.0}},{"id":7,"image_id":7,"category_id":1,"segmentation":[],"area":44277.7494,"bbox":[1.93,5.56,211.39,209.46],"iscrowd":0,"attributes":{"occluded":false,"rotation":0.0}},{"id":8,"image_id":8,"category_id":1,"segmentation":[],"area":47200.159999999996,"bbox":[0.0,1.49,259.0,182.24],"iscrowd":0,"attributes":{"occluded":false,"rotation":0.0}},{"id":9,"image_id":9,"category_id":1,"segmentation":[],"area":36475.3007,"bbox":[8.05,16.09,207.47,175.81],"iscrowd":0,"attributes":{"occluded":false,"rotation":0.0}},{"id":10,"image_id":10,"category_id":1,"segmentation":[],"area":39641.2224,"bbox":[5.62,5.37,187.98,210.88],"iscrowd":0,"attributes":{"occluded":false,"rotation":0.0}}]}